timestamp,open,high,low,close,volume,close_time,quote_av,trades,tb_base_av,tb_quote_av,ignore
2024-08-08,4.35200000,6.47000000,4.35200000,6.21800000,7201655.11000000,1723161599999,44731989.43850000,173609,3831911.34000000,23812631.61539000,0
2024-08-09,6.21700000,6.83200000,6.08100000,6.61900000,11228166.27000000,1723247999999,72823702.05494000,283605,5524619.89000000,35804829.71002000,0
2024-08-10,6.61900000,6.84600000,6.59900000,6.67300000,5133409.14000000,1723334399999,34442815.26565000,146259,2552745.21000000,17116198.38061000,0
2024-08-11,6.67400000,6.72500000,6.15400000,6.21000000,4615543.02000000,1723420799999,29742079.30767000,122782,2235381.41000000,14384397.39322000,0
2024-08-12,6.21000000,6.63000000,6.05700000,6.27000000,5856268.56000000,1723507199999,37180172.62168000,138815,2779305.07000000,17667280.38659000,0
2024-08-13,6.27100000,6.53100000,6.18600000,6.45600000,4317982.22000000,1723593599999,27455887.96871000,124270,2154331.85000000,13703929.79426000,0
2024-08-14,6.45500000,7.26900000,6.39200000,6.89000000,10902776.42000000,1723679999999,75841655.05020000,299774,5354270.60000000,37187146.53669000,0
2024-08-15,6.88900000,6.91400000,6.43000000,6.59700000,8328363.14000000,1723766399999,55264068.26047000,213232,4420511.30000000,29334439.73507000,0
2024-08-16,6.59800000,6.88600000,6.37600000,6.53800000,12169320.21000000,1723852799999,80270089.43531000,261363,6131691.64000000,40414456.94771000,0
2024-08-17,6.53700000,6.57800000,6.38200000,6.43800000,3533224.70000000,1723939199999,22877863.72981000,97805,1561577.33000000,10121004.75756000,0
2024-08-18,6.43900000,7.10400000,6.40900000,6.88700000,5796162.58000000,1724025599999,38995338.86614000,141980,3101527.26000000,20887296.88532000,0
2024-08-19,6.88700000,7.06800000,6.70900000,6.83200000,7418290.56000000,1724111999999,50771784.12108000,181935,3656314.66000000,25022941.48142000,0
2024-08-20,6.83200000,6.93200000,6.59200000,6.66400000,5041418.88000000,1724198399999,34097517.57570000,114315,2343068.16000000,15839296.89584000,0
2024-08-21,6.66500000,6.77200000,6.47900000,6.49600000,5312979.12000000,1724284799999,35308773.85966000,204395,2594862.00000000,17248642.64807000,0
2024-08-22,6.49600000,6.60000000,6.43000000,6.50400000,5136602.64000000,1724371199999,33519669.14690000,203440,2385020.85000000,15564858.57956000,0
2024-08-23,6.50400000,6.81400000,6.49300000,6.70000000,6231723.21000000,1724457599999,41362868.10256000,244678,3123933.44000000,20738502.85155000,0
2024-08-24,6.70100000,6.87800000,5.45200000,5.92700000,37829112.43000000,1724543999999,225039884.35459000,868925,18053264.93000000,107515034.67974000,0
2024-08-25,5.92600000,5.99400000,5.24500000,5.77000000,57258693.92000000,1724630399999,326851461.27852000,1769218,28458472.78000000,162455165.04006000,0
2024-08-26,5.77000000,5.83000000,5.03000000,5.13200000,29148897.52000000,1724716799999,160359404.68771000,965639,13355438.04000000,73475520.77002000,0
2024-08-27,5.13200000,5.66800000,5.13100000,5.43800000,25960725.28000000,1724803199999,140734978.93653000,966597,12400055.10000000,67239794.42370000,0
2024-08-28,5.43800000,5.98000000,5.11100000,5.52100000,41230520.50000000,1724889599999,227793543.29644000,1428215,20257597.29000000,112098477.82443000,0
2024-08-29,5.52100000,5.65800000,5.35800000,5.45400000,12212921.38000000,1724975999999,67596055.77835000,549969,5774657.20000000,31994582.89115000,0
2024-08-30,5.45400000,5.51400000,5.25600000,5.37100000,7774914.67000000,1725062399999,41806000.19718000,420269,3357721.06000000,18052230.97131000,0
2024-08-31,5.37100000,5.44300000,5.27500000,5.42000000,5863389.09000000,1725148799999,31459220.21413000,242226,3236491.36000000,17364418.18924000,0
2024-09-01,5.42100000,5.45700000,5.15000000,5.18400000,5536725.88000000,1725235199999,29412210.18842000,358823,2535919.66000000,13472670.36290000,0
2024-09-02,5.18300000,5.24700000,5.08000000,5.21900000,6423709.68000000,1725321599999,33226062.16294000,363287,3099039.60000000,16037658.00350000,0
2024-09-03,5.21800000,5.30000000,4.85600000,4.88900000,9832501.86000000,1725407999999,49722352.89599000,461227,4834211.61000000,24465171.67731000,0
2024-09-04,4.88900000,4.92500000,4.55500000,4.62500000,14987366.99000000,1725494399999,70192015.54298000,634173,7605312.69000000,35606005.52949000,0
2024-09-05,4.62600000,4.91700000,4.51400000,4.81000000,12461262.85000000,1725580799999,58588737.20849000,507823,6540405.39000000,30801479.45890000,0
2024-09-06,4.81000000,4.91000000,4.44400000,4.65600000,12762687.84000000,1725667199999,60567673.73273000,550325,6364517.41000000,30230753.82671000,0
2024-09-07,4.65800000,4.69100000,4.59000000,4.67000000,4853905.83000000,1725753599999,22491514.72926000,225385,2328944.09000000,10792556.25011000,0
2024-09-08,4.67000000,4.94500000,4.64600000,4.89600000,7344011.31000000,1725839999999,35071126.15259000,297408,3487171.65000000,16658475.17881000,0
2024-09-09,4.89600000,5.27000000,4.87100000,5.21900000,10281667.78000000,1725926399999,52188790.42118000,401594,5343742.39000000,27137861.33273000,0
2024-09-10,5.21900000,5.56000000,5.16800000,5.52900000,7959478.41000000,1726012799999,42504801.51136000,319554,4237889.40000000,22665547.87651000,0
2024-09-11,5.52900000,5.55300000,5.15500000,5.38900000,9563103.03000000,1726099199999,50715557.94238000,478199,4396714.71000000,23303351.86103000,0
2024-09-12,5.39000000,5.69500000,5.34000000,5.58300000,9342600.15000000,1726185599999,51349298.15246000,349071,4477863.37000000,24641267.58381000,0
2024-09-13,5.58400000,5.88700000,5.47700000,5.78100000,9479540.54000000,1726271999999,53948067.18157000,390350,4772857.09000000,27178572.70467000,0
2024-09-14,5.78100000,5.83800000,5.64800000,5.67600000,4609061.31000000,1726358399999,26403183.20582000,217087,2227855.87000000,12762967.11682000,0
2024-09-15,5.67600000,5.76300000,5.51400000,5.55400000,6548849.59000000,1726444799999,36926115.66267000,260583,3014507.02000000,16997092.62454000,0
2024-09-16,5.55400000,5.60200000,5.36600000,5.48500000,6279830.51000000,1726531199999,34364074.63535000,324329,2841300.00000000,15560382.66267000,0
2024-09-17,5.48500000,5.59600000,5.40500000,5.52200000,7416001.28000000,1726617599999,40805537.45918000,282969,3688010.92000000,20306161.46929000,0
2024-09-18,5.52200000,5.64500000,5.42500000,5.64100000,5724820.20000000,1726703999999,31642818.28438000,349135,2949682.08000000,16306069.74926000,0
2024-09-19,5.64100000,5.81300000,5.60400000,5.68300000,6543438.29000000,1726790399999,37455619.08530000,340339,3375827.45000000,19329295.70683000,0
2024-09-20,5.68300000,5.80600000,5.54800000,5.58500000,6232471.06000000,1726876799999,35414727.60961000,323562,3171248.90000000,18011249.75011000,0
2024-09-21,5.58500000,5.70800000,5.44900000,5.67300000,3582813.93000000,1726963199999,19977741.88821000,195701,1761073.87000000,9827700.52373000,0
2024-09-22,5.67300000,5.70300000,5.50000000,5.62000000,3408058.94000000,1727049599999,19094884.55220000,218442,1722513.68000000,9652130.08393000,0
2024-09-23,5.62000000,5.72500000,5.54400000,5.64000000,5251600.25000000,1727135999999,29625421.31932000,273101,2666524.66000000,15038123.77472000,0
2024-09-24,5.64000000,5.65200000,5.45900000,5.61600000,5213238.04000000,1727222399999,29051909.91848000,255668,2620207.91000000,14599395.34474000,0
2024-09-25,5.61600000,5.82700000,5.56000000,5.73600000,7269844.56000000,1727308799999,41386148.98995000,406889,3816544.70000000,21748739.54050000,0
2024-09-26,5.73700000,5.94000000,5.62400000,5.79200000,9282715.78000000,1727395199999,53852774.35085000,653587,4759704.74000000,27633790.71776000,0
2024-09-27,5.79200000,6.13400000,5.71200000,5.98100000,9149335.26000000,1727481599999,54458347.55296000,704990,4642559.15000000,27644359.98306000,0
2024-09-28,5.98000000,6.06900000,5.81400000,5.88500000,4649532.35000000,1727567999999,27505069.07124000,425778,2277184.08000000,13473975.02762000,0
2024-09-29,5.88500000,5.91000000,5.73400000,5.84700000,3686312.94000000,1727654399999,21451331.51266000,359207,1779996.65000000,10363167.26014000,0
2024-09-30,5.84700000,5.88900000,5.65800000,5.70800000,4706257.96000000,1727740799999,27296699.47183000,386915,2262716.85000000,13132476.24102000,0
2024-10-01,5.70800000,5.84200000,5.17200000,5.37800000,10896095.85000000,1727827199999,59937614.02505000,711353,5087983.40000000,27984814.77078000,0
2024-10-02,5.37800000,5.51200000,5.25000000,5.29000000,6836050.50000000,1727913599999,36884648.57728000,434416,3297581.45000000,17809926.68349000,0
2024-10-03,5.28900000,5.33700000,5.13500000,5.33200000,6705409.56000000,1727999999999,35229006.54558000,430391,3281622.89000000,17252645.08003000,0
2024-10-04,5.33200000,5.47900000,5.30400000,5.40100000,3337165.13000000,1728086399999,17915319.00836000,225893,1832347.00000000,9840062.55582000,0
2024-10-05,5.40100000,5.42800000,5.18300000,5.23400000,3650937.27000000,1728172799999,19463975.82578000,259829,1343084.06000000,7155968.41806000,0
2024-10-06,5.23400000,5.46000000,5.17600000,5.31500000,4482896.16000000,1728259199999,23535081.53967000,279739,2153645.50000000,11329606.22416000,0
2024-10-07,5.31500000,5.40000000,5.19100000,5.19800000,5338969.17000000,1728345599999,28242429.07276000,361606,2705723.22000000,14322055.74864000,0
2024-10-08,5.19800000,5.34500000,5.13700000,5.19900000,5376813.67000000,1728431999999,27975553.90535000,373447,2861956.84000000,14897108.55464000,0
2024-10-09,5.19800000,5.24400000,5.00000000,5.06600000,5216818.83000000,1728518399999,26907791.40622000,350695,2626179.07000000,13550122.79221000,0
2024-10-10,5.06600000,5.14000000,4.99700000,5.13800000,4451383.52000000,1728604799999,22527241.24178000,299996,2246661.74000000,11364065.23579000,0
2024-10-11,5.13800000,5.26600000,5.12200000,5.20900000,3185622.72000000,1728691199999,16588949.22792000,226281,1445421.86000000,7528000.45268000,0
2024-10-12,5.21000000,5.31300000,5.15100000,5.24100000,3128623.26000000,1728777599999,16447694.06386000,215404,1396332.21000000,7346174.06764000,0
2024-10-13,5.24100000,5.30800000,5.11300000,5.19200000,3798305.82000000,1728863999999,19815737.47200000,246829,1796758.27000000,9368615.61531000,0
2024-10-14,5.19300000,5.36000000,5.15900000,5.32300000,5758841.14000000,1728950399999,30456328.81805000,317881,3073736.73000000,16251707.67191000,0
2024-10-15,5.32300000,5.34300000,5.12300000,5.22400000,8979951.86000000,1729036799999,46987111.49234000,506231,4494321.29000000,23503393.11590000,0
2024-10-16,5.22400000,5.30000000,5.17000000,5.22700000,4632076.06000000,1729123199999,24271300.23959000,225894,2241140.33000000,11738647.30469000,0
2024-10-17,5.22600000,5.26000000,5.10500000,5.18300000,5366258.69000000,1729209599999,27764753.27182000,220975,2971483.76000000,15373788.46045000,0
2024-10-18,5.18300000,5.26500000,5.17300000,5.25000000,2971242.31000000,1729295999999,15511618.76213000,168910,1575595.45000000,8228295.90241000,0
2024-10-19,5.25000000,5.28400000,5.22300000,5.26700000,1696432.38000000,1729382399999,8917529.26594000,107898,832409.76000000,4375010.28909000,0
2024-10-20,5.26900000,5.38000000,5.24400000,5.35800000,2885094.13000000,1729468799999,15287408.52169000,160042,1457823.58000000,7725680.60149000,0
2024-10-21,5.35800000,5.40800000,5.16500000,5.19400000,5402687.27000000,1729555199999,28450190.43455000,245972,2976410.26000000,15667797.80145000,0
2024-10-22,5.19500000,5.28700000,5.14700000,5.22300000,5151847.05000000,1729641599999,26943244.60887000,254477,2840556.99000000,14850059.59742000,0
2024-10-23,5.22400000,5.24700000,5.01500000,5.14000000,4410407.64000000,1729727999999,22636716.31743000,233675,2195973.40000000,11271930.25985000,0
2024-10-24,5.14000000,5.18600000,5.09400000,5.12800000,3401184.54000000,1729814399999,17528874.81177000,172620,1682572.45000000,8670009.16390000,0
2024-10-25,5.12900000,5.13400000,4.56000000,4.77600000,9135716.70000000,1729900799999,45026898.29890000,412965,4496216.81000000,22161609.52340000,0
2024-10-26,4.77600000,5.00000000,4.73800000,4.92500000,5068582.59000000,1729987199999,24802266.82312000,254797,2354209.37000000,11515004.77707000,0
2024-10-27,4.92400000,4.99800000,4.90400000,4.99700000,2461684.22000000,1730073599999,12157796.03253000,135651,1153116.36000000,5694670.06633000,0
2024-10-28,4.99700000,5.05400000,4.92700000,5.01700000,4523486.50000000,1730159999999,22583295.68516000,263603,2406685.78000000,12010827.46181000,0
2024-10-29,5.01700000,5.14700000,4.98700000,5.02000000,6462665.04000000,1730246399999,32642895.46710000,260510,3699417.03000000,18680525.06409000,0
2024-10-30,5.02000000,5.08100000,4.95900000,4.98900000,6779061.42000000,1730332799999,33990781.48751000,264376,3595811.94000000,18033305.59764000,0
2024-10-31,4.99000000,5.00800000,4.75800000,4.84600000,5458005.45000000,1730419199999,26586945.72310000,261843,2789390.52000000,13574736.74275000,0
2024-11-01,4.84700000,4.95100000,4.79100000,4.89400000,4528128.74000000,1730505599999,22113893.00538000,272871,2204588.16000000,10760961.59991000,0
2024-11-02,4.89400000,4.96200000,4.84500000,4.87400000,2248134.00000000,1730591999999,11027003.20994000,151010,1114659.68000000,5464229.80504000,0
2024-11-03,4.87400000,4.88400000,4.66400000,4.81800000,4335200.82000000,1730678399999,20692480.21508000,278656,2213858.57000000,10561236.42092000,0
2024-11-04,4.81800000,4.90900000,4.67400000,4.69900000,3369689.33000000,1730764799999,16178755.58820000,248411,1760893.59000000,8455418.72157000,0
2024-11-05,4.69800000,4.73400000,4.54200000,4.66800000,8357922.06000000,1730851199999,38723219.30970000,504760,3536411.75000000,16387883.58085000,0
2024-11-06,4.66800000,4.85100000,4.64500000,4.79600000,14251712.64000000,1730937599999,67575604.82659000,426645,6259215.44000000,29672044.40038000,0
2024-11-07,4.79600000,5.24000000,4.75900000,4.90800000,12886305.45000000,1731023999999,63062570.13691000,285238,6446911.57000000,31593630.09963000,0
2024-11-08,4.90800000,4.97900000,4.82500000,4.92500000,6973765.05000000,1731110399999,34220338.58397000,177672,3105949.88000000,15232304.44913000,0
2024-11-09,4.92500000,5.29800000,4.90000000,5.24100000,13859124.15000000,1731196799999,71525867.99944000,205929,6750855.70000000,34862904.18858000,0
2024-11-10,5.24200000,5.57800000,5.02000000,5.27400000,17923418.43000000,1731283199999,96329326.85070000,348991,8882106.51000000,47705073.70177000,0
2024-11-11,5.27600000,5.51700000,5.18700000,5.49700000,15525406.55000000,1731369599999,83134826.55457000,281378,7429750.81000000,39779913.32301000,0
2024-11-12,5.49700000,5.72400000,5.08800000,5.46900000,21007405.45000000,1731455999999,113508923.15561000,418057,9755262.57000000,52693487.56962000,0
2024-11-13,5.47000000,5.56400000,5.12500000,5.25800000,14438329.84000000,1731542399999,76719128.32335000,310197,6849465.12000000,36365546.81784000,0
2024-11-14,5.25800000,5.48200000,5.17200000,5.23600000,12021415.35000000,1731628799999,64304154.48002000,239510,5398060.36000000,28832274.37055000,0
2024-11-15,5.23500000,5.42100000,5.15200000,5.38100000,8478245.11000000,1731715199999,45069550.76374000,362843,4177114.09000000,22195893.21284000,0
2024-11-16,5.38100000,5.83200000,5.35800000,5.64800000,13141131.05000000,1731801599999,73651948.58405000,364904,6740679.55000000,37785899.60327000,0
2024-11-17,5.64800000,5.72500000,5.29000000,5.38300000,9193867.83000000,1731887999999,50618077.37487000,269634,4702034.67000000,25874862.30373000,0
2024-11-18,5.38300000,5.61400000,5.36000000,5.57600000,6811388.12000000,1731974399999,37480984.24000000,211011,3337740.06000000,18373843.41060000,0
2024-11-19,5.57700000,5.67900000,5.37100000,5.44700000,6276891.19000000,1732060799999,34848260.48467000,189368,3020986.64000000,16774287.14933000,0
2024-11-20,5.44800000,5.46400000,5.18800000,5.28900000,8823033.95000000,1732147199999,46967329.82865000,244089,3763737.79000000,20069408.03822000,0
2024-11-21,5.29000000,5.59300000,5.22200000,5.50700000,11837030.25000000,1732233599999,64510224.24033000,312666,5886800.98000000,32067480.95789000,0
2024-11-22,5.50700000,5.59600000,5.33400000,5.45000000,10516534.86000000,1732319999999,57576547.22342000,273587,4702788.19000000,25793269.64141000,0
2024-11-23,5.45000000,6.62500000,5.44100000,6.31300000,29148711.24000000,1732406399999,177348130.38027000,755774,15455527.46000000,94239060.26052000,0
2024-11-24,6.31400000,6.59000000,5.77900000,6.15100000,15818064.20000000,1732492799999,97944829.87680000,425754,7741450.12000000,47958736.25434000,0
2024-11-25,6.15100000,6.29700000,5.91600000,6.07900000,11662617.78000000,1732579199999,71502035.03358000,297322,5645399.71000000,34617869.96825000,0
2024-11-26,6.07900000,6.31500000,5.68500000,6.13600000,13510945.52000000,1732665599999,81193847.10401000,262397,6958123.50000000,41848866.92332000,0
2024-11-27,6.13700000,6.50800000,6.11200000,6.37200000,10296457.20000000,1732751999999,64975736.29495000,195893,5612835.75000000,35441224.73458000,0
2024-11-28,6.37200000,6.61700000,6.23400000,6.43600000,10785808.31000000,1732838399999,69269993.91420000,192584,5677605.27000000,36481689.42134000,0
2024-11-29,6.43600000,6.54000000,6.32100000,6.45000000,5199237.67000000,1732924799999,33443165.67658000,109376,2688092.12000000,17293184.91387000,0
2024-11-30,6.44900000,6.99700000,6.42400000,6.82100000,9411595.27000000,1733011199999,63442265.36401000,221501,4640036.84000000,31282735.46686000,0
2024-12-01,6.82200000,6.97700000,6.65900000,6.83600000,6087332.50000000,1733097599999,41470638.11016000,154577,3228442.54000000,21997771.03020000,0
2024-12-02,6.83700000,6.89300000,6.35400000,6.56800000,11106357.42000000,1733183999999,73009798.52712000,239331,5367820.67000000,35300938.33929000,0
2024-12-03,6.56800000,6.82300000,6.31500000,6.77300000,12375768.61000000,1733270399999,81890564.75909000,281419,6243835.32000000,41320523.77635000,0
2024-12-04,6.77400000,7.20000000,6.77400000,6.89600000,15644264.24000000,1733356799999,109833366.25647000,315000,8035752.70000000,56376303.82903000,0
2024-12-05,6.89600000,7.03300000,6.59100000,6.79300000,12647454.82000000,1733443199999,86671610.77088000,269758,6434108.27000000,44090265.26447000,0
2024-12-06,6.79300000,6.95300000,6.62100000,6.79800000,9021772.30000000,1733529599999,61291346.03384000,225115,4028424.19000000,27381355.15997000,0
2024-12-07,6.79800000,6.93100000,6.74800000,6.79600000,5359291.02000000,1733615999999,36739883.50146000,173971,2376169.40000000,16294349.59281000,0
2024-12-08,6.79800000,6.84700000,6.64600000,6.78000000,4310467.87000000,1733702399999,29072657.35244000,164999,1791702.89000000,12086569.49180000,0
2024-12-09,6.78000000,6.81500000,5.30000000,5.77800000,17089715.89000000,1733788799999,104458638.31455000,358251,8013408.67000000,48951875.07792000,0
2024-12-10,5.77800000,5.97200000,5.49600000,5.93800000,14661689.14000000,1733875199999,84465108.70487000,280864,7051026.69000000,40685414.08753000,0
2024-12-11,5.93800000,6.35600000,5.76300000,6.34200000,7557257.81000000,1733961599999,46248149.49714000,152507,3781254.29000000,23132154.47343000,0
2024-12-12,6.34400000,6.51900000,6.25900000,6.34300000,7138803.15000000,1734047999999,45713007.10186000,159382,3606722.09000000,23084129.33308000,0
2024-12-13,6.34300000,6.45400000,6.21700000,6.33000000,4609562.42000000,1734134399999,29228351.42696000,109758,2341647.11000000,14844948.04330000,0
2024-12-14,6.33200000,6.39900000,6.07200000,6.25000000,4072927.25000000,1734220799999,25331918.60321000,80199,1950268.37000000,12134357.08145000,0
2024-12-15,6.24900000,6.43100000,6.10200000,6.39100000,3490867.03000000,1734307199999,21991245.84495000,72564,1720054.32000000,10822525.10476000,0
2024-12-16,6.39200000,6.46700000,5.91800000,6.05900000,11764107.85000000,1734393599999,72109742.55684000,181124,5010740.72000000,30761608.72206000,0
2024-12-17,6.06000000,6.14700000,5.76100000,5.82200000,7192675.96000000,1734479999999,43040278.80136000,125133,3366782.08000000,20143748.30411000,0
2024-12-18,5.82100000,5.86200000,5.20000000,5.43800000,13214790.34000000,1734566399999,74250367.66328000,244721,6664900.32000000,37429478.78009000,0
2024-12-19,5.43900000,5.49300000,5.07500000,5.20000000,16777441.80000000,1734652799999,88900623.20969000,243294,8058179.03000000,42746886.96008000,0
2024-12-20,5.20100000,5.47100000,4.77500000,5.45000000,19800819.16000000,1734739199999,100738032.81309000,294877,9647615.78000000,49260783.48453000,0
2024-12-21,5.45100000,5.66900000,5.20800000,5.31100000,6396205.39000000,1734825599999,34705355.12066000,119579,3124481.07000000,16938637.28767000,0
2024-12-22,5.31100000,5.50200000,5.19500000,5.38100000,4427804.87000000,1734911999999,23743534.63266000,90559,2082505.62000000,11162013.95787000,0
2024-12-23,5.38200000,5.64000000,5.29300000,5.59700000,4797816.88000000,1734998399999,26213668.97087000,96150,2414644.15000000,13191744.39065000,0
2024-12-24,5.59800000,5.83200000,5.51100000,5.79700000,4030717.34000000,1735084799999,22919810.33636000,81535,1969503.82000000,11194425.87261000,0
2024-12-25,5.79700000,6.10400000,5.79700000,5.94800000,5328840.06000000,1735171199999,31701426.25291000,108220,2708882.75000000,16113918.52310000,0
2024-12-26,5.94800000,6.00600000,5.65800000,5.73300000,3854668.63000000,1735257599999,22308380.92776000,85164,1953347.21000000,11300283.72865000,0
2024-12-27,5.73300000,5.87300000,5.64300000,5.73400000,4244154.77000000,1735343999999,24492343.89828000,94171,1870713.75000000,10800185.59756000,0
2024-12-28,5.73600000,5.88700000,5.62300000,5.81300000,3263033.02000000,1735430399999,18798652.43680000,69690,1384933.16000000,7974409.11687000,0
2024-12-29,5.81300000,5.84800000,5.57300000,5.63400000,2410657.51000000,1735516799999,13815970.96705000,53923,986788.25000000,5657090.29798000,0
2024-12-30,5.63500000,5.71700000,5.46200000,5.58100000,3681125.22000000,1735603199999,20538460.14394000,75865,1662778.60000000,9275593.49704000,0
2024-12-31,5.58100000,5.64600000,5.47400000,5.50900000,2728464.79000000,1735689599999,15130058.20801000,67284,1394589.10000000,7729334.08245000,0
2025-01-01,5.50700000,5.55600000,5.40200000,5.51600000,1875725.28000000,1735775999999,10268202.14332000,45410,969723.32000000,5306388.19867000,0
2025-01-02,5.51700000,5.70600000,5.50200000,5.64800000,2685092.68000000,1735862399999,15136551.93517000,58993,1244901.68000000,7017614.00527000,0
2025-01-03,5.64900000,5.83800000,5.59400000,5.80100000,3558462.76000000,1735948799999,20380726.71556000,316982,1620187.49000000,9284023.72647000,0
2025-01-04,5.80200000,5.82300000,5.68400000,5.72500000,2676687.51000000,1736035199999,15426306.53653000,115078,1125417.44000000,6485099.10862000,0
2025-01-05,5.72500000,5.74900000,5.63100000,5.72400000,1983866.30000000,1736121599999,11276965.99718000,100878,772876.08000000,4392147.71726000,0
2025-01-06,5.72400000,5.80400000,5.64000000,5.70800000,3767020.13000000,1736207999999,21552470.43140000,126767,1859651.80000000,10642333.23246000,0
2025-01-07,5.70800000,5.76100000,5.30300000,5.31600000,5225268.60000000,1736294399999,28970827.09377000,166059,2565353.35000000,14203178.38015000,0
2025-01-08,5.31600000,5.36000000,5.10000000,5.30900000,6518374.34000000,1736380799999,34211027.02588000,133059,3113298.15000000,16334933.50739000,0
2025-01-09,5.30800000,5.34900000,5.09400000,5.20000000,4401224.36000000,1736467199999,22968130.69985000,89894,2350580.57000000,12264002.91475000,0
2025-01-10,5.20000000,5.38900000,5.12800000,5.38100000,3345154.21000000,1736553599999,17551779.61691000,68376,1738223.56000000,9116771.06274000,0
2025-01-11,5.38200000,5.47700000,5.32900000,5.40000000,2552712.44000000,1736639999999,13799005.75855000,60624,1239431.93000000,6698089.39818000,0
2025-01-12,5.40000000,5.43700000,5.25400000,5.30700000,3076027.20000000,1736726399999,16468640.37098000,49965,1561226.33000000,8363382.60694000,0
2025-01-13,5.30900000,5.37000000,4.99700000,5.29800000,8007829.71000000,1736812799999,41290130.08063000,143381,3704597.46000000,19113248.58223000,0
2025-01-14,5.29800000,5.44000000,5.21500000,5.36200000,4229367.36000000,1736899199999,22582880.46566000,80284,1949391.03000000,10406843.06513000,0
2025-01-15,5.36200000,5.52400000,5.30300000,5.51600000,5788906.86000000,1736985599999,31342604.02073000,89713,3089335.09000000,16730956.62919000,0
2025-01-16,5.51500000,5.58000000,5.42000000,5.47500000,6065728.46000000,1737071999999,33439769.61125000,95376,2978237.77000000,16428337.15136000,0
2025-01-17,5.47600000,5.63300000,5.47100000,5.58500000,5012769.68000000,1737158399999,27888212.39642000,87040,2350275.07000000,13073859.15580000,0
2025-01-18,5.58500000,5.65900000,5.17000000,5.29000000,7197817.73000000,1737244799999,38481266.97161000,100765,3407867.86000000,18207124.84736000,0
2025-01-19,5.29000000,5.36000000,4.78100000,4.86400000,13427414.22000000,1737331199999,67691269.85434000,183895,6306579.09000000,31820605.89301000,0
2025-01-20,4.86500000,5.30000000,4.72000000,5.03000000,15803000.93000000,1737417599999,79042457.12952000,216984,7729879.24000000,38689959.91071000,0
2025-01-21,5.03100000,5.26800000,4.92200000,5.20500000,8446182.25000000,1737503999999,43082982.09271000,117613,4222492.89000000,21537590.27899000,0
2025-01-22,5.20400000,5.36300000,5.16000000,5.29500000,5464489.86000000,1737590399999,28778886.84319000,92362,2776484.53000000,14627628.14616000,0
2025-01-23,5.29500000,5.32100000,5.03700000,5.12500000,6640343.57000000,1737676799999,34183001.90280000,107602,3089831.57000000,15901120.01437000,0
2025-01-24,5.12500000,5.18300000,5.01900000,5.06900000,3833291.05000000,1737763199999,19600825.13294000,62431,1982371.02000000,10136874.29840000,0
2025-01-25,5.06800000,5.11000000,5.01400000,5.07900000,2228292.67000000,1737849599999,11285406.25352000,42798,1099265.87000000,5566545.40120000,0
2025-01-26,5.07900000,5.11500000,4.92700000,4.93000000,2110003.59000000,1737935999999,10618013.84522000,41193,1052355.40000000,5295563.60130000,0
2025-01-27,4.92900000,5.02100000,4.67000000,5.01000000,8634017.31000000,1738022399999,42064305.44370000,117032,4137997.55000000,20169802.24587000,0
2025-01-28,5.01100000,5.03400000,4.75100000,4.78400000,3201093.83000000,1738108799999,15707413.12373000,55550,1613945.27000000,7913012.77699000,0
2025-01-29,4.78400000,4.90300000,4.75800000,4.82500000,3805048.42000000,1738195199999,18432927.97950000,63601,2019449.87000000,9785652.02884000,0
2025-01-30,4.82300000,4.93800000,4.78300000,4.82200000,5950401.11000000,1738281599999,28789897.22415000,80718,3381420.35000000,16358994.57300000,0
2025-01-31,4.82300000,4.94700000,4.78200000,4.82700000,5448344.47000000,1738367999999,26514509.56455000,83498,2649646.64000000,12891836.92987000,0
2025-02-01,4.82900000,4.91400000,4.55800000,4.60500000,5028404.70000000,1738454399999,23996613.81513000,88501,2517595.61000000,12002717.36956000,0
2025-02-02,4.60400000,4.68400000,3.91400000,4.06100000,12745167.38000000,1738540799999,55627766.19917000,232592,6299004.68000000,27474440.38080000,0
2025-02-03,4.06200000,4.85300000,2.97800000,4.07500000,34959755.98000000,1738627199999,130031455.13748000,435977,16960201.19000000,63066934.87219000,0
2025-02-04,4.07500000,4.11500000,3.63600000,3.78600000,12141364.26000000,1738713599999,46376040.65569000,183227,5312416.82000000,20334515.23437000,0
2025-02-05,3.78700000,3.90100000,3.74900000,3.78100000,4288527.07000000,1738799999999,16379996.10143000,81036,2155932.96000000,8237961.76701000,0
2025-02-06,3.78100000,3.91400000,3.69500000,3.74100000,4612869.98000000,1738886399999,17540500.43637000,88800,2150633.23000000,8179960.73060000,0
2025-02-07,3.74100000,3.86300000,3.62600000,3.71600000,5696469.70000000,1738972799999,21449391.25772000,104411,2542162.21000000,9565197.70205000,0
2025-02-08,3.71500000,3.81100000,3.66400000,3.73800000,2795039.27000000,1739059199999,10429778.26897000,57260,1295677.67000000,4833551.36092000,0
2025-02-09,3.73900000,3.95300000,3.69800000,3.81100000,4561736.54000000,1739145599999,17359354.40759000,78835,2393992.12000000,9103076.72461000,0
2025-02-10,3.81200000,3.85600000,3.74000000,3.81800000,3518259.94000000,1739231999999,13401920.82139000,110925,1423912.58000000,5421965.24754000,0
2025-02-11,3.81800000,3.90400000,3.69000000,3.74600000,4820880.58000000,1739318399999,18364620.22374000,124555,2070839.99000000,7877433.69172000,0
2025-02-12,3.74600000,3.83200000,3.60000000,3.83200000,5158297.93000000,1739404799999,19088150.24420000,99231,2429419.57000000,8995607.36223000,0
2025-02-13,3.83300000,3.88200000,3.64500000,3.71200000,6064056.71000000,1739491199999,22609472.20551000,97009,3112048.91000000,11610578.20277000,0
2025-02-14,3.71200000,3.89200000,3.69800000,3.84600000,4053157.98000000,1739577599999,15452515.42533000,73040,2045179.79000000,7801164.04160000,0
2025-02-15,3.84700000,3.87600000,3.72800000,3.79300000,2900215.45000000,1739663999999,11008369.11599000,51133,1326668.16000000,5035754.01309000,0
2025-02-16,3.79200000,3.84700000,3.74300000,3.77900000,3241949.14000000,1739750399999,12292156.26253000,56371,1700556.47000000,6448372.74081000,0
2025-02-17,3.77800000,3.85700000,3.72400000,3.76300000,4149688.81000000,1739836799999,15751588.14115000,67755,1917278.67000000,7279701.44300000,0
2025-02-18,3.76200000,3.76400000,3.56000000,3.67500000,4614326.23000000,1739923199999,16837735.76006000,74805,2299554.43000000,8396862.59024000,0
2025-02-19,3.67500000,3.69300000,3.50000000,3.54700000,5228245.57000000,1740009599999,18770806.31174000,83005,2285587.31000000,8186755.26552000,0
2025-02-20,3.54600000,3.64000000,3.52700000,3.60200000,4822282.48000000,1740095999999,17306510.18230000,72010,2319678.20000000,8324931.67502000,0
2025-02-21,3.60200000,3.71700000,3.52200000,3.56500000,5711787.70000000,1740182399999,20684137.15744000,92401,2662727.25000000,9638781.91648000,0
2025-02-22,3.56600000,3.75900000,3.54300000,3.74100000,2616836.51000000,1740268799999,9576467.41994000,51999,1205028.51000000,4410206.24328000,0
2025-02-23,3.74200000,3.81500000,3.73200000,3.76700000,2347036.37000000,1740355199999,8848609.96935000,49060,1038035.06000000,3914878.42790000,0
2025-02-24,3.76800000,3.79900000,3.38300000,3.41200000,5500446.22000000,1740441599999,19747205.71573000,91850,2699080.01000000,9700642.49189000,0
2025-02-25,3.41100000,3.59400000,3.32100000,3.54900000,7798706.11000000,1740527999999,26712438.66542000,126671,3912972.41000000,13417026.26690000,0
2025-02-26,3.54900000,3.62500000,3.38000000,3.50100000,6181907.29000000,1740614399999,21808327.42273000,85807,2943005.70000000,10379467.75661000,0
2025-02-27,3.50000000,3.51900000,3.33000000,3.42100000,3870325.53000000,1740700799999,13295534.45061000,61544,1914879.32000000,6574540.70286000,0
2025-02-28,3.42100000,3.45000000,3.12000000,3.32800000,10268587.88000000,1740787199999,33410126.79089000,265650,5077803.16000000,16501131.41470000,0
2025-03-01,3.32900000,3.36200000,3.21300000,3.32200000,3280046.14000000,1740873599999,10793194.66334000,58457,1681651.60000000,5532708.29336000,0
2025-03-02,3.32300000,3.58300000,3.28300000,3.50700000,5764635.21000000,1740959999999,19793040.07264000,115573,2832618.76000000,9742872.22711000,0
2025-03-03,3.50800000,3.51400000,2.99900000,3.06300000,9415728.90000000,1741046399999,30321793.38486000,139172,4103103.25000000,13305325.99420000,0
2025-03-04,3.06300000,3.21700000,2.80000000,3.12100000,11886913.12000000,1741132799999,35840765.89992000,187954,5789243.01000000,17486936.19881000,0
2025-03-05,3.12000000,3.16000000,2.87600000,3.03300000,10058819.36000000,1741219199999,30336717.91065000,138336,4049450.17000000,12218730.00901000,0
2025-03-06,3.03200000,3.11300000,3.00000000,3.03700000,5537184.68000000,1741305599999,16896969.33055000,88156,2888323.23000000,8815285.27138000,0
2025-03-07,3.03800000,3.10000000,2.88500000,2.99000000,6051523.09000000,1741391999999,18269088.98918000,115719,2732902.86000000,8237009.98033000,0
2025-03-08,2.99000000,3.00400000,2.93900000,2.95400000,2051050.01000000,1741478399999,6092756.38489000,49134,947773.63000000,2814229.23568000,0
2025-03-09,2.95500000,2.96600000,2.60600000,2.64800000,6409700.22000000,1741564799999,17639547.18662000,94732,2977997.32000000,8194405.74198000,0
2025-03-10,2.65000000,2.80500000,2.45700000,2.52300000,9748436.86000000,1741651199999,25573225.56728000,113968,4198514.09000000,11035373.60840000,0
2025-03-11,2.52300000,2.73900000,2.35400000,2.64100000,10982272.15000000,1741737599999,28478644.23871000,117193,5349267.77000000,13830448.23497000,0
2025-03-12,2.64200000,2.78900000,2.59000000,2.74900000,5629756.05000000,1741823999999,15146992.17157000,77802,2876571.64000000,7728889.20690000,0
2025-03-13,2.74900000,2.79700000,2.68100000,2.76600000,4123259.37000000,1741910399999,11314090.98338000,58314,2219606.41000000,6088808.78425000,0
2025-03-14,2.76600000,2.95000000,2.76100000,2.92400000,7030956.81000000,1741996799999,19975660.20086000,77825,3501234.15000000,9927479.53457000,0
2025-03-15,2.92400000,3.63800000,2.90400000,3.58400000,31359297.55000000,1742083199999,104856505.32005000,420698,16493257.65000000,55191476.62802000,0
2025-03-16,3.58400000,3.59400000,3.32800000,3.44000000,15960973.88000000,1742169599999,54898593.67586000,276042,8007195.92000000,27546264.35705000,0
2025-03-17,3.44100000,3.66500000,3.38600000,3.45300000,11455353.28000000,1742255999999,39941134.07909000,190546,5794254.41000000,20211174.17201000,0
2025-03-18,3.45300000,3.67100000,3.40300000,3.56500000,12957301.25000000,1742342399999,46074465.52533000,166440,6589545.99000000,23440308.02449000,0
2025-03-19,3.56500000,3.79900000,3.52700000,3.65700000,11953665.22000000,1742428799999,43651062.78676000,161210,6134598.24000000,22415528.49939000,0
2025-03-20,3.65700000,3.91300000,3.58200000,3.70200000,10736458.26000000,1742515199999,39955222.25799000,161906,5512100.17000000,20501459.79221000,0
2025-03-21,3.70200000,3.79600000,3.51000000,3.58700000,8532442.10000000,1742601599999,30974397.82008000,118507,4266102.54000000,15500446.99848000,0
2025-03-22,3.58600000,3.69700000,3.57500000,3.66700000,3412885.19000000,1742687999999,12384555.60352000,57347,1610343.41000000,5841218.72938000,0
2025-03-23,3.66800000,3.72700000,3.62700000,3.68300000,3534145.97000000,1742774399999,12988287.25924000,57311,1637382.24000000,6015125.49340000,0
2025-03-24,3.68300000,3.76400000,3.62300000,3.66400000,4891842.81000000,1742860799999,18069151.49155000,83078,2485948.47000000,9179606.20752000,0
2025-03-25,3.66300000,3.69800000,3.55300000,3.59700000,3371892.19000000,1742947199999,12244398.67212000,60666,1742833.90000000,6327415.33183000,0
2025-03-26,3.59800000,3.70800000,3.52700000,3.67700000,4668653.34000000,1743033599999,16901856.09632000,73768,2405176.78000000,8708858.92826000,0
2025-03-27,3.67800000,4.09100000,3.67700000,4.04900000,14088665.27000000,1743119999999,54445610.22391000,175875,7652898.16000000,29540881.69826000,0
2025-03-28,4.05000000,4.07500000,3.79000000,3.79500000,14542567.91000000,1743206399999,57617814.66017000,192151,7958155.49000000,31524697.90221000,0
2025-03-29,3.79500000,3.85000000,3.65000000,3.69900000,6232832.30000000,1743292799999,23206661.77312000,100766,3226739.67000000,12011382.26884000,0
2025-03-30,3.69900000,3.99300000,3.64000000,3.89400000,11794571.57000000,1743379199999,45401596.26302000,185259,6517905.42000000,25140000.27228000,0
2025-03-31,3.89400000,4.16700000,3.83500000,4.10900000,14131165.31000000,1743465599999,56331266.57703000,206360,7584913.69000000,30215475.50143000,0
2025-04-01,4.10900000,4.21100000,3.99200000,4.05900000,12670836.71000000,1743551999999,51804684.66463000,169616,5659749.98000000,23158596.73516000,0
2025-04-02,4.06000000,4.09800000,3.80300000,3.83700000,8205577.27000000,1743638399999,32779751.07604000,130776,3948317.50000000,15754095.61676000,0
2025-04-03,3.83700000,3.88500000,3.54100000,3.59400000,7897095.65000000,1743724799999,29031236.27736000,120507,3882783.46000000,14276251.59800000,0
2025-04-04,3.59300000,3.60200000,3.33600000,3.41600000,9564183.89000000,1743811199999,32839443.78341000,125208,5643927.43000000,19359886.72495000,0
2025-04-05,3.41600000,3.42000000,3.21400000,3.25800000,4390924.20000000,1743897599999,14450516.40153000,65711,2065103.35000000,6791996.47746000,0
2025-04-06,3.25900000,3.33800000,2.85300000,2.91700000,9132646.69000000,1743983999999,28507072.87270000,126536,3695705.71000000,11614876.31095000,0
2025-04-07,2.91700000,3.18600000,2.84400000,3.10400000,18811042.51000000,1744070399999,56384729.47231000,207142,9424623.58000000,28286716.26889000,0
2025-04-08,3.10500000,3.18100000,2.91000000,2.98700000,4636077.38000000,1744156799999,14228031.20613000,81229,2349655.37000000,7214980.03789000,0
2025-04-09,2.98800000,3.24400000,2.89600000,3.15700000,9762805.02000000,1744243199999,30135311.59310000,123095,4998482.77000000,15441802.48671000,0
2025-04-10,3.15700000,3.16300000,2.85900000,2.91500000,8354671.80000000,1744329599999,25049015.93681000,109242,4207156.42000000,12613258.57232000,0
2025-04-11,2.91500000,2.99700000,2.89200000,2.92500000,8909798.92000000,1744415999999,26185202.24298000,86099,4655530.96000000,13669287.98681000,0
2025-04-12,2.92500000,3.08200000,2.77900000,2.98200000,12482701.16000000,1744502399999,36450976.02660000,131883,5797202.75000000,16964059.44947000,0
2025-04-13,2.98400000,3.00100000,2.80300000,2.81500000,10713139.11000000,1744588799999,30981631.73257000,103414,4615436.11000000,13353624.64743000,0
2025-04-14,2.81600000,2.89500000,2.77800000,2.89000000,10372530.30000000,1744675199999,29450458.53995000,111004,4417547.27000000,12546686.17799000,0
2025-04-15,2.89000000,3.01600000,2.81700000,2.85600000,9906953.29000000,1744761599999,29176318.33364000,107419,4712371.31000000,13892452.79602000,0
2025-04-16,2.85500000,2.92700000,2.80600000,2.89100000,7477069.63000000,1744847999999,21489655.40710000,100878,3711013.17000000,10658902.01340000,0
2025-04-17,2.89100000,2.99700000,2.88200000,2.94300000,6391776.31000000,1744934399999,18842872.89033000,84582,3164709.50000000,9330442.86076000,0
2025-04-18,2.94300000,3.02400000,2.92500000,2.99800000,4152337.72000000,1745020799999,12414190.30787000,56389,2061840.82000000,6163375.91178000,0
2025-04-19,2.99800000,3.01600000,2.94000000,2.96900000,3260566.85000000,1745107199999,9705162.44503000,45432,1659864.23000000,4938624.17762000,0
2025-04-20,2.96900000,3.01500000,2.95500000,2.99800000,3205668.56000000,1745193599999,9570022.53877000,46054,1446504.02000000,4317859.53854000,0
2025-04-21,2.99900000,3.05600000,2.87600000,2.89600000,7123509.92000000,1745279999999,21242757.08287000,80151,3833662.76000000,11438152.07673000,0
2025-04-22,2.89600000,3.09200000,2.86400000,3.08500000,6205260.47000000,1745366399999,18409072.16344000,79029,2799738.05000000,8297765.65622000,0
2025-04-23,3.08600000,3.21900000,3.04700000,3.18100000,10656751.82000000,1745452799999,33369694.34354000,114901,5177455.07000000,16207327.04374000,0
2025-04-24,3.18000000,3.20000000,3.06700000,3.19200000,6418860.60000000,1745539199999,20189368.92469000,85118,3129025.07000000,9841636.78520000,0
2025-04-25,3.19200000,3.28000000,3.15500000,3.20000000,7709799.86000000,1745625599999,24818186.93225000,94816,3629482.15000000,11683615.60892000,0
2025-04-26,3.20000000,3.35000000,3.19400000,3.34400000,5973721.73000000,1745711999999,19526801.77111000,84981,2848807.86000000,9317177.39587000,0
2025-04-27,3.34400000,3.39100000,3.21200000,3.26900000,7036169.50000000,1745798399999,23207009.74834000,133615,3403262.61000000,11223470.43615000,0
2025-04-28,3.26900000,3.35000000,3.18600000,3.27500000,6491943.93000000,1745884799999,21240575.09801000,101995,3039711.63000000,9945238.09997000,0
2025-04-29,3.27500000,3.29800000,3.15200000,3.18700000,4310677.63000000,1745971199999,13991378.00240000,83441,1983255.35000000,6437733.39570000,0
2025-04-30,3.18600000,3.25800000,3.11300000,3.16100000,6088758.23000000,1746057599999,19439587.43305000,82752,2752382.42000000,8790189.60318000,0
2025-05-01,3.16200000,3.24800000,3.12500000,3.21300000,6379648.81000000,1746143999999,20347870.58879000,101756,3107828.88000000,9912665.63262000,0
2025-05-02,3.21400000,3.26500000,3.11400000,3.17000000,4284223.18000000,1746230399999,13648131.55682000,114715,2072552.00000000,6601106.11255000,0
2025-05-03,3.17000000,3.20800000,3.07100000,3.08500000,3715076.24000000,1746316799999,11693435.82141000,79358,1689023.46000000,5319750.41120000,0
2025-05-04,3.08400000,3.12000000,3.01000000,3.01500000,3467896.96000000,1746403199999,10643894.18873000,100601,1601207.04000000,4913861.15679000,0
2025-05-05,3.01500000,3.04500000,2.94200000,2.96300000,5392040.46000000,1746489599999,16139298.82363000,93139,2385361.66000000,7140251.48511000,0
2025-05-06,2.96300000,3.03800000,2.93700000,3.01200000,4678877.45000000,1746575999999,14016153.71154000,63384,2216017.53000000,6635778.21322000,0
2025-05-07,3.01300000,3.04400000,2.97500000,3.01400000,3586128.84000000,1746662399999,10789676.74198000,51940,1717589.60000000,5165987.67917000,0
2025-05-08,3.01500000,3.25700000,3.00000000,3.21300000,11336854.42000000,1746748799999,35780026.66142000,103797,5234744.14000000,16511656.11246000,0
2025-05-09,3.21300000,3.37900000,3.17300000,3.28300000,11225818.74000000,1746835199999,36576937.01347000,140784,5476562.63000000,17855199.81927000,0
2025-05-10,3.28400000,3.52400000,3.26600000,3.51400000,10104527.69000000,1746921599999,34038072.57980000,113103,4974541.01000000,16760219.66317000,0
2025-05-11,3.51400000,3.58900000,3.32500000,3.41100000,9395308.74000000,1747007999999,32218550.72226000,102574,4485925.13000000,15391336.72094000,0
2025-05-12,3.41100000,3.58800000,3.24100000,3.35300000,12405295.19000000,1747094399999,42643143.22425000,155704,5877238.73000000,20215641.92940000,0
2025-05-13,3.35300000,3.43500000,3.19500000,3.39500000,8804774.86000000,1747180799999,29197052.20187000,107796,4525352.75000000,15000707.02081000,0
2025-05-14,3.39600000,3.46700000,3.22200000,3.24500000,7735492.84000000,1747267199999,25804097.80030000,103405,4146073.99000000,13819979.18642000,0
2025-05-15,3.24500000,3.28500000,3.02000000,3.06900000,11813356.90000000,1747353599999,36754820.86903000,127355,5497296.81000000,17114334.62389000,0
2025-05-16,3.06900000,3.18300000,3.06200000,3.10000000,5898172.62000000,1747439999999,18429416.60546000,70646,3051926.01000000,9535474.61756000,0
2025-05-17,3.10100000,3.11100000,3.00300000,3.07600000,5773154.74000000,1747526399999,17641764.21959000,61243,2620413.14000000,8012030.98151000,0
2025-05-18,3.07700000,3.20700000,3.01600000,3.13800000,5871534.96000000,1747612799999,18263285.18280000,76448,2797612.22000000,8707346.02823000,0
2025-05-19,3.13900000,3.14300000,2.88200000,3.03000000,8195598.36000000,1747699199999,24490227.61898000,97036,4024886.63000000,12028741.54401000,0
2025-05-20,3.03000000,3.09400000,3.00700000,3.08400000,4676246.06000000,1747785599999,14258334.39946000,64116,2148428.00000000,6554063.36897000,0
2025-05-21,3.08400000,3.14100000,3.01500000,3.09100000,6622563.62000000,1747871999999,20346500.18340000,87249,3304038.06000000,10153018.11850000,0
2025-05-22,3.09100000,3.20000000,3.08300000,3.17300000,5570027.19000000,1747958399999,17562411.16306000,65817,2720165.29000000,8575643.72375000,0
2025-05-23,3.17400000,3.22100000,2.95700000,2.97700000,8732010.60000000,1748044799999,26942803.04284000,107760,3834064.10000000,11856798.96075000,0
2025-05-24,2.97700000,3.04100000,2.96000000,3.03100000,3006869.35000000,1748131199999,9060369.49838000,44913,1354462.60000000,4081475.23725000,0
2025-05-25,3.03100000,3.04400000,2.91200000,2.99400000,3905086.00000000,1748217599999,11614658.46423000,53575,1917386.10000000,5705319.98558000,0
2025-05-26,2.99500000,3.01600000,2.93400000,2.96900000,5149962.38000000,1748303999999,15348487.12005000,57435,2057020.53000000,6127721.35941000,0
2025-05-27,2.96900000,3.02900000,2.92300000,3.00800000,4855159.44000000,1748390399999,14534704.02704000,63912,2333779.07000000,6989062.27308000,0
2025-05-28,3.00800000,3.69800000,2.97300000,3.32500000,50640776.62000000,1748476799999,171091482.52521000,535299,25916843.83000000,87533129.89205000,0
2025-05-29,3.32500000,3.47400000,3.24200000,3.38900000,20411260.10000000,1748563199999,68575830.17071000,201225,10502471.24000000,35300006.05029000,0
2025-05-30,3.39000000,3.40700000,3.06600000,3.08800000,12683635.67000000,1748649599999,41514508.87296000,149439,5759747.35000000,18888534.89216000,0
2025-05-31,3.08700000,3.16600000,2.99200000,3.14800000,6384996.33000000,1748735999999,19581685.29897000,79869,3138518.39000000,9632674.92275000,0
2025-06-01,3.14900000,3.22000000,3.08000000,3.18800000,3604260.15000000,1748822399999,11324527.28180000,51066,1778911.24000000,5589204.40164000,0
2025-06-02,3.18800000,3.25200000,3.10000000,3.21600000,4616375.89000000,1748908799999,14683792.86765000,65770,2396061.47000000,7621555.57556000,0
2025-06-03,3.21700000,3.23800000,3.16000000,3.18200000,4466755.65000000,1748995199999,14301181.12981000,58979,2184821.49000000,6996724.32916000,0
2025-06-04,3.18200000,3.22500000,3.13700000,3.16900000,3887514.49000000,1749081599999,12367676.71786000,57156,1738674.49000000,5529406.30641000,0
2025-06-05,3.17000000,3.25900000,2.99500000,3.03200000,10844964.88000000,1749167999999,34247739.31811000,119265,5162277.10000000,16335816.17275000,0
2025-06-06,3.03200000,3.20500000,3.02000000,3.15200000,5889374.04000000,1749254399999,18406867.37542000,84173,2898586.85000000,9061854.45518000,0
2025-06-07,3.15200000,3.20500000,3.14000000,3.18000000,4135230.98000000,1749340799999,13159998.55802000,56783,2143364.34000000,6820960.53788000,0
2025-06-08,3.18100000,3.20100000,3.12000000,3.17000000,5034428.92000000,1749427199999,15943151.36496000,51696,2621347.99000000,8301418.99891000,0
2025-06-09,3.17100000,3.32900000,3.15000000,3.30600000,9526517.92000000,1749513599999,30821926.64939000,87214,4801152.34000000,15547393.79423000,0
2025-06-10,3.30700000,3.39500000,3.27100000,3.34800000,8028564.44000000,1749599999999,26654703.92448000,92436,4261738.59000000,14153452.66711000,0
2025-06-11,3.34900000,3.35100000,3.20400000,3.23800000,9038529.73000000,1749686399999,29540879.41199000,91932,4230106.51000000,13827264.30413000,0
2025-06-12,3.23700000,3.24500000,3.06900000,3.08800000,5928034.38000000,1749772799999,18814762.25120000,71874,2607618.91000000,8284715.71837000,0
2025-06-13,3.08700000,3.08800000,2.89800000,3.02400000,11296324.76000000,1749859199999,33526237.76905000,124791,5423449.24000000,16093177.09533000,0
2025-06-14,3.02400000,3.03600000,2.90400000,2.95200000,4311913.92000000,1749945599999,12784670.30672000,55856,1928832.31000000,5719980.36550000,0
2025-06-15,2.95300000,2.98400000,2.93900000,2.97300000,2964904.26000000,1750031999999,8786997.54009000,45554,1322126.95000000,3918383.94870000,0
2025-06-16,2.97400000,3.04700000,2.95300000,2.96500000,6307712.03000000,1750118399999,18954808.72532000,75703,3186706.54000000,9577094.42371000,0
2025-06-17,2.96500000,3.02500000,2.91200000,2.95900000,5652594.01000000,1750204799999,16772505.48529000,83134,2462551.33000000,7311293.90038000,0
2025-06-18,2.95800000,2.99200000,2.84700000,2.94700000,5088438.12000000,1750291199999,14826802.32966000,60135,2666885.21000000,7769962.77403000,0
2025-06-19,2.94800000,2.97700000,2.89700000,2.96900000,3152730.98000000,1750377599999,9261622.38866000,38644,1562737.69000000,4593161.85275000,0
2025-06-20,2.96900000,3.01000000,2.88800000,2.93700000,5664654.35000000,1750463999999,16784412.63956000,61517,2632441.62000000,7803844.66723000,0
2025-06-21,2.93700000,2.97000000,2.77200000,2.85600000,4972088.19000000,1750550399999,14361935.53957000,59342,2139020.49000000,6180229.14829000,0
2025-06-22,2.85600000,2.89500000,2.60400000,2.73200000,9503323.21000000,1750636799999,25991002.75559000,108845,4511443.34000000,12352326.98803000,0
2025-06-23,2.73100000,2.92600000,2.71300000,2.90800000,7198125.85000000,1750723199999,20226648.89380000,77668,3252746.46000000,9139817.65062000,0
2025-06-24,2.90900000,2.93500000,2.87100000,2.90600000,4632159.61000000,1750809599999,13446474.06196000,53525,2379998.02000000,6910416.29691000,0
2025-06-25,2.90500000,2.91800000,2.81300000,2.83400000,3686947.64000000,1750895999999,10577612.20672000,47161,1724058.91000000,4943701.12570000,0
2025-06-26,2.83400000,2.88800000,2.79100000,2.81400000,3071916.38000000,1750982399999,8696590.76252000,45520,1546221.82000000,4378335.41055000,0
2025-06-27,2.81400000,2.86700000,2.80300000,2.85100000,2883838.48000000,1751068799999,8190580.15865000,39400,1396354.52000000,3966119.32651000,0
2025-06-28,2.85000000,2.86100000,2.82100000,2.85200000,1694938.84000000,1751155199999,4818498.35151000,24477,875456.55000000,2488867.42495000,0
2025-06-29,2.85300000,2.92000000,2.83600000,2.91300000,2891179.60000000,1751241599999,8300608.51604000,33623,1341697.20000000,3855651.15733000,0
2025-06-30,2.91300000,2.96700000,2.86900000,2.91200000,3754969.51000000,1751327999999,10951498.24288000,44360,1819976.24000000,5310202.51359000,0
2025-07-01,2.91200000,2.91500000,2.75000000,2.78700000,6097097.52000000,1751414399999,17180820.34211000,49056,2836713.91000000,8008532.53392000,0
2025-07-02,2.78800000,2.90800000,2.76100000,2.86500000,4352149.78000000,1751500799999,12370360.25559000,44094,1956970.11000000,5562032.93639000,0
2025-07-03,2.86600000,2.92200000,2.81100000,2.85100000,5341586.15000000,1751587199999,15389862.56697000,48836,2545274.93000000,7340186.73895000,0
2025-07-04,2.85100000,2.85500000,2.73000000,2.74100000,5456976.23000000,1751673599999,15244496.84476000,60373,2536751.33000000,7094407.13733000,0
2025-07-05,2.74100000,2.76600000,2.71700000,2.74600000,2335258.88000000,1751759999999,6405265.52431000,29501,1192259.31000000,3270722.23828000,0
2025-07-06,2.74600000,3.09000000,2.72000000,2.83800000,37557836.96000000,1751846399999,109964062.14743000,370168,19248195.29000000,56360802.70675000,0
2025-07-07,2.83800000,2.85600000,2.72800000,2.73600000,10481473.38000000,1751932799999,29323919.58126000,120160,5395648.09000000,15111299.72449000,0
2025-07-08,2.73600000,2.80800000,2.72600000,2.80200000,5902956.64000000,1752019199999,16303332.08983000,61454,3160806.19000000,8730074.73024000,0
2025-07-09,2.80300000,2.86800000,2.78800000,2.83600000,5256652.65000000,1752105599999,14841781.13825000,56189,2768792.07000000,7820489.70054000,0
2025-07-10,2.83700000,2.94800000,2.82800000,2.94300000,7523955.61000000,1752191999999,21715018.72972000,86895,4047290.67000000,11677577.81319000,0
2025-07-11,2.94400000,3.01800000,2.90300000,2.96100000,17658907.75000000,1752278399999,52379356.55159000,186315,8147819.54000000,24182776.07302000,0
2025-07-12,2.96100000,3.02300000,2.89700000,3.00000000,8386272.07000000,1752364799999,24965432.60130000,94583,4584570.76000000,13664878.29273000,0
2025-07-13,3.00000000,3.04700000,2.94200000,2.96900000,5992588.78000000,1752451199999,17978419.47314000,75883,2830697.17000000,8491727.26097000,0
2025-07-14,2.97000000,3.05700000,2.95200000,3.02500000,9933640.50000000,1752537599999,30022664.75502000,119295,4874966.88000000,14736263.89658000,0
2025-07-15,3.02500000,3.10000000,2.95500000,3.09400000,7890005.83000000,1752623999999,23716679.33250000,91358,4143056.77000000,12459759.36942000,0
2025-07-16,3.09500000,3.18900000,3.05600000,3.15800000,8070340.08000000,1752710399999,25250169.02238000,92766,3950351.41000000,12359965.62380000,0
2025-07-17,3.15900000,3.27000000,3.09900000,3.19600000,10191065.60000000,1752796799999,32467545.66471000,106375,4718273.65000000,15029017.63228000,0
2025-07-18,3.19600000,3.35200000,3.14700000,3.18800000,12060118.77000000,1752883199999,39355987.75400000,123551,6026696.46000000,19681732.35783000,0
2025-07-19,3.18900000,3.22600000,3.13400000,3.19500000,4325676.68000000,1752969599999,13769265.25553000,57224,2065754.59000000,6576935.55811000,0
2025-07-20,3.19600000,3.32500000,3.17400000,3.27500000,7320125.05000000,1753055999999,23854479.11658000,78795,3637974.68000000,11850711.04030000,0
2025-07-21,3.27600000,3.38000000,3.22400000,3.32300000,7842269.54000000,1753142399999,26048790.08694000,105684,3906364.48000000,12977668.19885000,0
2025-07-22,3.32300000,3.59400000,3.19500000,3.34000000,29976154.19000000,1753228799999,102337366.99604000,380353,14582454.96000000,49798426.44800000,0
2025-07-23,3.34000000,3.34800000,3.09500000,3.19900000,15097688.55000000,1753315199999,48550282.80423000,212460,6813585.49000000,21880320.82653000,0
2025-07-24,3.19900000,3.34700000,3.01800000,3.12000000,12483794.33000000,1753401599999,39703752.29822000,180599,6110388.55000000,19464651.60363000,0
2025-07-25,3.12100000,3.19600000,3.04300000,3.19100000,5149519.78000000,1753487999999,16049136.00574000,108070,2311533.36000000,7211073.79100000,0
2025-07-26,3.19100000,3.37600000,3.18500000,3.29800000,7810541.55000000,1753574399999,25844500.57576000,147072,3866979.51000000,12793620.41446000,0
2025-07-27,3.29800000,3.38300000,3.28000000,3.37500000,5576246.25000000,1753660799999,18601386.23017000,97182,2703935.22000000,9015320.98881000,0
2025-07-28,3.37500000,3.44600000,3.18400000,3.20700000,8180843.47000000,1753747199999,27205408.60558000,121528,3966149.88000000,13170526.42798000,0
2025-07-29,3.20700000,3.41000000,3.18000000,3.37700000,11101258.52000000,1753833599999,36647138.85309000,139680,5420651.23000000,17894463.94346000,0
2025-07-30,3.37700000,3.49400000,3.26300000,3.40600000,16679863.89000000,1753919999999,56389130.72731000,219145,8359309.34000000,28272211.04973000,0
2025-07-31,3.40600000,3.68800000,3.40400000,3.52900000,19857777.24000000,1754006399999,70308534.46177000,296872,10923966.77000000,38661730.15118000,0
2025-08-01,3.52800000,3.68000000,3.34700000,3.56400000,23146786.46000000,1754092799999,81549382.04695000,349254,12205287.45000000,43013934.33991000,0
2025-08-02,3.56500000,3.72300000,3.49500000,3.54100000,13207830.19000000,1754179199999,47557022.93242000,189812,6804312.97000000,24536207.58208000,0
2025-08-03,3.54200000,3.74900000,3.45900000,3.55900000,10450994.34000000,1754265599999,37920280.17035000,146922,5107222.85000000,18547223.42176000,0
2025-08-04,3.55900000,3.67400000,3.32800000,3.42000000,19338350.33000000,1754351999999,66984659.21705000,314935,9016914.42000000,31282375.25019000,0
2025-08-05,3.42000000,3.42500000,3.17800000,3.19500000,10216346.32000000,1754438399999,33744067.76072000,184266,4623553.79000000,15267725.41085000,0
2025-08-06,3.19600000,3.32500000,3.13900000,3.30800000,9221558.44000000,1754524799999,29509253.19331000,124351,5061514.58000000,16203661.64209000,0
2025-08-07,3.30800000,3.35700000,3.22200000,3.34600000,8764251.88000000,1754611199999,28887863.73904000,118583,4573423.26000000,15067156.11650000,0
2025-08-08,3.34500000,3.39300000,3.27200000,3.33500000,13924367.33000000,1754697599999,46543871.88574000,194117,7023117.91000000,23476229.77074000,0
2025-08-09,3.33500000,3.48500000,3.31400000,3.38600000,11019764.09000000,1754783999999,37521422.26697000,138882,5687572.87000000,19380080.95386000,0
2025-08-10,3.38700000,3.43500000,3.29000000,3.34800000,6048086.00000000,1754870399999,20241068.53681000,93479,2887256.22000000,9664123.16557000,0
2025-08-11,3.34900000,3.45200000,3.29500000,3.36500000,10186335.21000000,1754956799999,34439813.64967000,149366,5196855.90000000,17575990.57464000,0
2025-08-12,3.36600000,3.55100000,3.33200000,3.50200000,9742413.60000000,1755043199999,33400899.50207000,131508,4895854.23000000,16792904.75510000,0
2025-08-13,3.50200000,3.54400000,3.36700000,3.53100000,14675824.54000000,1755129599999,50912013.91792000,215832,7035097.16000000,24417769.68475000,0
2025-08-14,3.53200000,3.64300000,3.31400000,3.41100000,15640395.15000000,1755215999999,54475731.41909000,217005,7742683.32000000,26992908.88150000,0
2025-08-15,3.41100000,3.51300000,3.32400000,3.44000000,7878547.39000000,1755302399999,26990678.20753000,126590,3718557.30000000,12742906.80144000,0
2025-08-16,3.43900000,3.51000000,3.41100000,3.46000000,3584100.13000000,1755388799999,12407140.02402000,64417,1901869.60000000,6586953.55866000,0
2025-08-17,3.46000000,3.53900000,3.43500000,3.51700000,4511726.11000000,1755475199999,15733829.06541000,65782,2203735.71000000,7686817.94433000,0
2025-08-18,3.51700000,3.52600000,3.30700000,3.32900000,7158843.84000000,1755561599999,24189000.99716000,120731,3480451.79000000,11751757.30244000,0
2025-08-19,3.32800000,3.35400000,3.18400000,3.22500000,11660896.91000000,1755647999999,37777608.83489000,172727,6096917.47000000,19735604.21405000,0
2025-08-20,3.22400000,3.29300000,3.19500000,3.28000000,5036794.00000000,1755734399999,16396924.60515000,85802,2648619.54000000,8620663.35096000,0
2025-08-21,3.28100000,3.33800000,3.23100000,3.31500000,5217288.70000000,1755820799999,17130990.87150000,75908,2817566.99000000,9248850.81997000,0
2025-08-22,3.31500000,3.44200000,3.20400000,3.42300000,10457256.28000000,1755907199999,34779525.19006000,140871,5446318.13000000,18119502.32908000,0
2025-08-23,3.42300000,3.44000000,3.33200000,3.38100000,6058895.70000000,1755993599999,20449091.36888000,84360,3245021.98000000,10948110.79760000,0
2025-08-24,3.38200000,3.40800000,3.27000000,3.29900000,5199904.38000000,1756079999999,17346478.05400000,86266,2495784.55000000,8328854.99121000,0
2025-08-25,3.30000000,3.32700000,3.09300000,3.11500000,7824168.56000000,1756166399999,24954222.67779000,135101,3251386.02000000,10383101.74090000,0
2025-08-26,3.11500000,3.18100000,3.10400000,3.16700000,4862435.21000000,1756252799999,15271762.31790000,79476,2400711.75000000,7541845.85897000,0
2025-08-27,3.16700000,3.20800000,3.12400000,3.13900000,6760044.56000000,1756339199999,21446814.84341000,90907,2874404.12000000,9119931.58710000,0
2025-08-28,3.13800000,3.28600000,3.11100000,3.17500000,11783561.70000000,1756425599999,37565525.53464000,138612,5839698.49000000,18626722.97296000,0
2025-08-29,3.17600000,3.18600000,3.02100000,3.07400000,8466236.59000000,1756511999999,26153508.34363000,115524,3836367.73000000,11844302.90985000,0
2025-08-30,3.07500000,3.14200000,3.03500000,3.12700000,5418097.80000000,1756598399999,16823580.85419000,55318,3258856.49000000,10118345.52023000,0
2025-08-31,3.12700000,3.18800000,3.12400000,3.16500000,2378855.01000000,1756684799999,7492033.14731000,39882,1274245.54000000,4012776.78273000,0
2025-09-01,3.16500000,3.17400000,3.08100000,3.10800000,4423566.08000000,1756771199999,13825741.73547000,79899,2073380.56000000,6481604.60758000,0
2025-09-02,3.10800000,3.18400000,3.09300000,3.16900000,3835648.11000000,1756857599999,12050500.32447000,51454,2068033.57000000,6498405.12012000,0
2025-09-03,3.16800000,3.20000000,3.12700000,3.17600000,4010868.02000000,1756943999999,12724578.89337000,45111,2002143.04000000,6350783.84968000,0
2025-09-04,3.17700000,3.20300000,3.08600000,3.09800000,4450377.07000000,1757030399999,13943529.45619000,56467,2175674.17000000,6813511.53445000,0
2025-09-05,3.09700000,3.14200000,3.07100000,3.09000000,4370952.62000000,1757116799999,13587473.76349000,59853,2242968.30000000,6974248.51684000,0
2025-09-06,3.08900000,3.09500000,2.99800000,3.05900000,3302051.49000000,1757203199999,10062691.35327000,40960,1561512.34000000,4759223.77534000,0
2025-09-07,3.06000000,3.10700000,3.06000000,3.09400000,2114547.47000000,1757289599999,6533632.04069000,27980,1148495.87000000,3549059.20534000,0
2025-09-08,3.09400000,3.11100000,3.07700000,3.09500000,4395991.11000000,1757375999999,13602540.27985000,63019,2085643.44000000,6454195.08479000,0
2025-09-09,3.09600000,3.14900000,3.06500000,3.09400000,7943139.23000000,1757462399999,24690507.11714000,98063,3316230.39000000,10311735.42689000,0
2025-09-10,3.09400000,3.17200000,3.08600000,3.17100000,5644255.64000000,1757548799999,17632517.07202000,81919,2681484.36000000,8379687.72351000,0
2025-09-11,3.17100000,3.22800000,3.15800000,3.18800000,5978905.64000000,1757635199999,19083416.32885000,72798,2888078.10000000,9220903.11301000,0
2025-09-12,3.18800000,3.23300000,3.17000000,3.21900000,5044921.18000000,1757721599999,16151768.57260000,53459,2578867.46000000,8256228.36550000,0
2025-09-13,3.21900000,3.26600000,3.18300000,3.22700000,5847271.38000000,1757807999999,18884698.17828000,60090,2741193.95000000,8858205.22823000,0
2025-09-14,3.22700000,3.24800000,3.13800000,3.18000000,3765404.13000000,1757894399999,12029454.38038000,53894,1822981.33000000,5820693.92461000,0
2025-09-15,3.18000000,3.22500000,3.11400000,3.15600000,4480435.68000000,1757980799999,14180094.65208000,65287,2120561.51000000,6714841.32301000,0
2025-09-16,3.15600000,3.19400000,3.12500000,3.15600000,3611074.22000000,1758067199999,11449641.66117000,48083,1552375.40000000,4922437.98595000,0
2025-09-17,3.15700000,3.16400000,3.05200000,3.12900000,7293268.37000000,1758153599999,22736537.43201000,87341,3256043.49000000,10153176.61684000,0
2025-09-18,3.13000000,3.18200000,3.11700000,3.15900000,4782438.88000000,1758239999999,15077641.46731000,53122,2514592.73000000,7929380.90889000,0
2025-09-19,3.15800000,3.20000000,3.09700000,3.10800000,5345275.50000000,1758326399999,16784128.90851000,59089,2203250.55000000,6933356.94512000,0
2025-09-20,3.10700000,3.11600000,3.08200000,3.09100000,2125418.10000000,1758412799999,6581610.77227000,31014,996506.96000000,3086500.82816000,0
2025-09-21,3.09100000,3.09600000,3.04400000,3.06500000,2860779.55000000,1758499199999,8791080.91234000,36278,1364629.96000000,4195286.02920000,0
2025-09-22,3.06500000,3.08400000,2.58100000,2.80500000,18272519.20000000,1758585599999,51738312.96090000,182785,8153478.17000000,23020677.20533000,0
2025-09-23,2.80600000,2.84600000,2.75000000,2.80800000,5865840.58000000,1758671999999,16493285.46936000,66831,3072215.63000000,8636491.53325000,0
2025-09-24,2.80900000,2.84800000,2.77100000,2.81700000,3586531.75000000,1758758399999,10129157.09766000,52263,1685083.23000000,4759406.64571000,0
2025-09-25,2.81700000,2.82400000,2.61500000,2.66100000,7133955.85000000,1758844799999,19513880.69626000,93436,3275874.84000000,8967190.91560000,0
2025-09-26,2.66200000,2.77100000,2.63900000,2.74400000,6022023.38000000,1758931199999,16197954.31126000,80333,2914073.91000000,7842158.46715000,0
2025-09-27,2.74400000,2.74600000,2.68300000,2.70800000,2894816.83000000,1759017599999,7851150.83223000,36862,1270875.20000000,3445914.55676000,0
2025-09-28,2.70900000,2.72600000,2.65500000,2.72300000,3106836.34000000,1759103999999,8351532.09217000,41879,1458885.62000000,3922703.55182000,0
2025-09-29,2.72200000,2.72800000,2.66200000,2.69800000,4005177.29000000,1759190399999,10808364.11497000,53066,1754719.18000000,4734460.19925000,0
2025-09-30,2.69800000,2.72500000,2.61000000,2.71000000,6960726.12000000,1759276799999,18523154.80508000,73061,3443595.54000000,9172307.16467000,0
2025-10-01,2.70900000,2.78900000,2.65300000,2.78600000,5579847.74000000,1759363199999,15279352.32284000,64518,2788642.23000000,7636993.49199000,0
2025-10-02,2.78700000,2.85900000,2.77300000,2.84400000,5929169.45000000,1759449599999,16705959.17256000,66201,3174501.12000000,8942341.18375000,0
2025-10-03,2.84400000,2.87800000,2.78200000,2.86000000,6202846.90000000,1759535999999,17512659.80584000,76919,3152388.24000000,8909313.48699000,0
2025-10-04,2.86000000,2.89900000,2.78600000,2.80900000,4028374.88000000,1759622399999,11368168.25222000,56815,1952360.91000000,5513189.36830000,0
2025-10-05,2.80800000,2.86700000,2.78200000,2.79600000,6004105.21000000,1759708799999,16946151.68811000,68325,2668975.30000000,7537710.11412000,0
2025-10-06,2.79500000,2.87700000,2.78500000,2.85500000,5067116.11000000,1759795199999,14373890.65843000,58491,2579616.84000000,7319428.99141000,0
2025-10-07,2.85400000,2.86200000,2.74500000,2.75300000,6748528.43000000,1759881599999,18938054.81904000,86289,3126317.85000000,8771480.88343000,0
2025-10-08,2.75400000,2.78800000,2.70400000,2.77600000,6216515.05000000,1759967999999,17045290.22764000,76193,2725874.81000000,7474614.62263000,0
2025-10-09,2.77600000,2.78500000,2.65800000,2.74000000,5650976.14000000,1760054399999,15377239.30524000,77138,2264681.00000000,6164969.86838000,0
2025-10-10,2.74000000,2.75500000,0.55400000,2.05200000,45233738.00000000,1760140799999,94401323.61199000,549778,22574648.36000000,45910078.20374000,0
2025-10-11,2.05300000,2.25300000,2.01300000,2.09700000,26537627.45000000,1760227199999,56614767.69646000,319041,13845492.74000000,29546174.89630000,0
2025-10-12,2.09600000,2.32600000,2.06300000,2.27400000,13364285.41000000,1760313599999,29345717.85829000,163328,6416308.00000000,14106024.56314000,0
2025-10-13,2.27400000,2.37600000,2.21500000,2.36800000,11149113.74000000,1760399999999,25529719.52253000,146812,5682472.66000000,13022656.12867000,0
2025-10-14,2.36700000,2.37400000,2.16400000,2.30200000,8835595.80000000,1760486399999,19925701.15054000,113822,4254468.10000000,9597150.17449000,0
2025-10-15,2.30200000,2.34900000,2.18100000,2.21900000,8411670.59000000,1760572799999,18885906.24832000,93992,4358166.90000000,9798018.13394000,0
2025-10-16,2.21900000,2.29300000,2.14300000,2.17800000,7882367.14000000,1760659199999,17519113.81891000,99989,4050108.05000000,9006831.16487000,0
2025-10-17,2.17900000,2.21400000,2.01500000,2.11900000,9613266.38000000,1760745599999,20225404.15893000,112001,4688428.01000000,9860487.22513000,0
2025-10-18,2.12000000,2.19400000,2.10900000,2.15400000,3696835.88000000,1760831999999,7939952.04534000,47488,1820500.91000000,3912093.45852000,0
2025-10-19,2.15400000,2.24300000,2.12500000,2.21000000,3316376.72000000,1760918399999,7256738.03703000,56431,1655249.62000000,3620799.72008000,0
2025-10-20,2.21000000,2.29800000,2.17500000,2.23600000,4190036.78000000,1761004799999,9418593.68870000,71224,2181892.42000000,4908842.53463000,0
2025-10-21,2.23500000,2.31800000,2.12700000,2.13900000,6238297.44000000,1761091199999,13895926.41136000,105049,2925254.78000000,6522082.54994000,0
2025-10-22,2.13900000,2.15900000,2.06100000,2.11300000,5927250.56000000,1761177599999,12626620.98830000,93225,2789906.46000000,5945557.88004000,0
2025-10-23,2.11300000,2.14800000,2.10600000,2.12600000,3948766.33000000,1761263999999,8395451.01682000,51369,1808432.70000000,3846106.34050000,0
2025-10-24,2.12600000,2.18200000,2.11600000,2.16700000,4576375.34000000,1761350399999,9833065.62254000,57777,2369753.59000000,5091927.62237000,0
2025-10-25,2.16800000,2.17800000,2.13300000,2.14800000,3419949.11000000,1761436799999,7370444.97419000,37655,1589628.97000000,3426341.13335000,0
2025-10-26,2.14800000,2.24000000,2.13200000,2.22800000,4195845.27000000,1761523199999,9160564.03837000,52219,2055125.04000000,4489332.82022000,0
2025-10-27,2.22800000,2.28400000,2.18800000,2.23500000,5884736.03000000,1761609599999,13185868.73877000,82938,2707686.35000000,6068875.93985000,0
2025-10-28,2.23500000,2.32100000,2.19200000,2.24300000,7961742.78000000,1761695999999,17971315.57470000,112409,3992677.59000000,9013364.60658000,0
2025-10-29,2.24300000,2.32600000,2.17000000,2.21300000,10473949.54000000,1761782399999,23559856.35587000,143423,5036517.92000000,11333912.22852000,0
2025-10-30,2.21300000,2.22800000,2.07700000,2.15500000,6795775.40000000,1761868799999,14640378.99281000,112960,3121701.97000000,6729731.35325000,0
2025-10-31,2.15500000,2.30100000,2.13800000,2.28400000,10286066.12000000,1761955199999,22957158.04374000,138545,5059213.60000000,11299324.88531000,0
2025-11-01,2.28500000,2.34500000,2.27700000,2.30800000,5783877.47000000,1762041599999,13354192.51807000,76138,2801403.70000000,6470584.85947000,0
2025-11-02,2.30900000,2.36200000,2.26400000,2.31000000,4641385.81000000,1762127999999,10717381.90194000,63501,2137990.80000000,4941713.57289000,0
2025-11-03,2.31100000,2.31200000,1.99000000,2.01700000,13444656.99000000,1762214399999,28446805.53160000,198928,6556108.18000000,13867682.17642000,0
2025-11-04,2.01700000,2.04200000,1.79200000,1.90200000,20150788.38000000,1762300799999,38787761.20293000,285263,10142982.45000000,19547861.77395000,0
2025-11-05,1.90100000,1.96900000,1.83200000,1.95800000,9397418.84000000,1762387199999,17993422.85404000,125740,4346646.64000000,8318867.77286000,0
2025-11-06,1.95900000,1.96300000,1.88500000,1.95800000,5580208.83000000,1762473599999,10774041.30935000,93342,2677496.12000000,5171334.33130000,0
2025-11-07,1.95900000,2.12700000,1.92000000,2.09100000,10055010.00000000,1762559999999,20345534.80789000,155065,5286052.18000000,10702225.11110000,0
2025-11-08,2.09100000,2.15100000,2.04900000,2.09400000,6035476.09000000,1762646399999,12635412.32008000,100773,2864066.29000000,5997273.62124000,0
2025-11-09,2.09300000,2.14600000,2.02300000,2.11000000,4736749.91000000,1762732799999,9898885.65742000,85261,2299560.83000000,4802382.37576000,0
2025-11-10,2.10900000,2.15500000,2.09600000,2.14000000,6333134.60000000,1762819199999,13461020.44811000,92260,3205148.67000000,6815778.06302000,0
2025-11-11,2.14100000,2.16500000,2.02100000,2.03100000,6828791.37000000,1762905599999,14234969.13753000,110380,2960224.14000000,6168520.01178000,0
2025-11-12,2.03100000,2.12000000,1.98400000,2.01000000,6184630.33000000,1762991999999,12664298.82407000,89815,2769929.21000000,5676301.41961000,0
2025-11-13,2.01000000,2.10600000,1.94000000,1.98800000,10825642.17000000,1763078399999,21942689.05241000,156632,5443355.40000000,11035106.07004000,0
2025-11-14,1.98900000,2.00000000,1.79600000,1.81900000,12486366.52000000,1763164799999,23654903.57678000,184506,6870495.00000000,13017141.75218000,0
2025-11-15,1.81900000,1.89000000,1.80200000,1.85500000,7138597.13000000,1763251199999,13160794.09903000,97766,3709679.34000000,6840048.99831000,0
2025-11-16,1.85500000,1.86700000,1.75100000,1.82300000,6574347.76000000,1763337599999,11904017.92090000,107225,3045581.56000000,5509391.39078000,0
2025-11-17,1.82400000,1.85500000,1.72300000,1.75900000,8583613.35000000,1763423999999,15383357.10012000,145161,4066400.91000000,7280889.48478000,0
2025-11-18,1.75900000,1.83300000,1.74300000,1.79500000,8025546.63000000,1763510399999,14372192.25909000,105854,4310102.94000000,7725325.77093000,0
2025-11-19,1.79400000,1.80100000,1.69000000,1.72900000,7232020.67000000,1763596799999,12586693.56000000,96265,3548732.44000000,6176858.61891000,0
2025-11-20,1.72900000,1.74600000,1.56000000,1.56500000,10345047.05000000,1763683199999,17170271.11228000,122477,5140997.93000000,8543481.28531000,0
2025-11-21,1.56500000,1.58600000,1.45700000,1.52500000,14873817.85000000,1763769599999,22646555.09354000,177014,7524174.70000000,11466611.44920000,0
2025-11-22,1.52500000,1.55500000,1.48700000,1.53400000,6621618.64000000,1763855999999,10039146.49973000,78303,3234333.23000000,4902758.70260000,0
2025-11-23,1.53400000,1.54900000,1.45700000,1.47000000,10323597.88000000,1763942399999,15476904.31787000,121652,4149992.25000000,6225346.20665000,0
2025-11-24,1.46900000,1.61600000,1.45400000,1.54900000,13593254.84000000,1764028799999,20741968.85114000,127524,7074331.39000000,10810088.68681000,0
2025-11-25,1.54900000,1.57500000,1.48800000,1.55900000,11793445.22000000,1764115199999,17960832.38665000,115976,5463389.14000000,8325068.54555000,0
2025-11-26,1.56000000,1.61700000,1.54400000,1.60800000,7055908.10000000,1764201599999,11089704.49998000,68357,3333330.35000000,5245972.34128000,0
2025-11-27,1.60800000,1.65700000,1.58700000,1.63500000,4866985.74000000,1764287999999,7876970.31715000,52381,2437209.64000000,3946353.72182000,0
2025-11-28,1.63600000,1.65700000,1.58200000,1.58300000,5726463.59000000,1764374399999,9260078.48291000,61377,2623669.22000000,4246078.37377000,0
2025-11-29,1.58300000,1.61400000,1.57400000,1.57800000,3302174.27000000,1764460799999,5249195.53404000,38021,1645309.86000000,2616188.19503000,0
2025-11-30,1.57900000,1.61900000,1.55000000,1.59300000,4715087.11000000,1764547199999,7475047.93401000,52991,2551835.11000000,4046653.36289000,0
2025-12-01,1.59400000,1.59800000,1.43800000,1.50300000,10370418.08000000,1764633599999,15516333.92344000,124316,5029285.46000000,7530201.47153000,0
2025-12-02,1.50200000,1.59200000,1.48500000,1.58000000,6212149.27000000,1764719999999,9567781.16811000,75505,3311422.47000000,5102138.45984000,0
2025-12-03,1.58000000,1.67000000,1.57100000,1.64800000,7700167.53000000,1764806399999,12397110.02352000,74311,4222078.98000000,6799400.37669000,0
2025-12-04,1.64900000,1.66000000,1.57100000,1.59200000,5846168.94000000,1764892799999,9425670.90978000,59308,2629507.53000000,4241534.50345000,0
2025-12-05,1.59100000,1.60400000,1.53000000,1.57200000,5125379.35000000,1764979199999,8083543.24830000,61538,2566301.36000000,4052628.82391000,0
2025-12-06,1.57100000,1.60200000,1.56600000,1.59800000,3681561.48000000,1765065599999,5825817.43311000,42098,1695352.23000000,2684220.28318000,0
2025-12-07,1.59800000,1.67600000,1.55200000,1.61600000,6992376.43000000,1765151999999,11276219.07534000,75174,3583551.99000000,5784345.68249000,0
2025-12-08,1.61600000,1.68000000,1.60300000,1.61900000,6652268.31000000,1765238399999,10928122.11471000,78513,3208997.97000000,5273373.78920000,0
2025-12-09,1.62000000,1.69700000,1.60100000,1.66500000,5707276.30000000,1765324799999,9388624.63937000,60876,2904280.21000000,4778462.19320000,0
2025-12-10,1.66500000,1.70500000,1.62900000,1.65700000,5178368.01000000,1765411199999,8600430.10579000,70371,2437515.64000000,4050113.34707000,0
2025-12-11,1.65800000,1.66600000,1.59100000,1.64500000,6334530.44000000,1765497599999,10242223.75274000,73541,2970614.57000000,4806342.79743000,0
2025-12-12,1.64500000,1.65300000,1.57800000,1.61000000,4701039.41000000,1765583999999,7605647.18504000,55518,2252254.86000000,3644095.09226000,0
2025-12-13,1.61000000,1.63000000,1.60000000,1.61800000,2475489.70000000,1765670399999,4000123.67043000,30251,1099519.84000000,1776816.46204000,0
2025-12-14,1.61800000,1.63700000,1.53400000,1.54600000,5224782.84000000,1765756799999,8298693.51015000,45290,2609400.40000000,4141341.51088000,0
2025-12-15,1.54700000,1.58300000,1.46100000,1.49500000,6898871.93000000,1765843199999,10520757.79507000,74244,3351884.07000000,5111891.10720000,0
2025-12-16,1.49500000,1.56700000,1.48100000,1.54800000,5826269.20000000,1765929599999,8895936.45017000,61866,3023231.38000000,4616020.32937000,0
2025-12-17,1.55000000,1.57200000,1.46000000,1.47200000,6729845.17000000,1766015999999,10164876.82967000,75849,3088131.71000000,4660308.21308000,0
2025-12-18,1.47200000,1.51900000,1.42000000,1.43700000,8386216.61000000,1766102399999,12291946.57574000,79401,4287527.32000000,6285226.83821000,0
2025-12-19,1.43800000,1.49800000,1.42500000,1.49000000,6390980.78000000,1766188799999,9312847.77757000,60942,2900742.67000000,4230835.92945000,0
2025-12-20,1.49000000,1.50100000,1.46500000,1.48800000,2830909.48000000,1766275199999,4204362.27862000,30609,1293731.89000000,1922316.61932000,0
2025-12-21,1.48800000,1.49200000,1.45100000,1.45900000,2887692.89000000,1766361599999,4244211.90449000,35647,1423278.10000000,2091390.57823000,0
2025-12-22,1.45900000,1.48500000,1.43200000,1.46800000,5563837.30000000,1766447999999,8145976.44960000,59980,2783796.45000000,4076413.26000000,0
2025-12-23,1.46700000,1.48800000,1.44400000,1.48400000,3821212.57000000,1766534399999,5592512.90296000,42368,1780518.92000000,2606110.71370000,0
2025-12-24,1.48300000,1.50000000,1.45100000,1.49400000,4733460.32000000,1766620799999,6985002.80365000,42357,2447535.81000000,3612974.56855000,0
2025-12-25,1.49300000,1.57100000,1.46600000,1.50000000,7738110.12000000,1766707199999,11708884.26539000,70626,3796267.53000000,5745287.82476000,0
2025-12-26,1.50000000,1.55500000,1.49500000,1.55100000,4586782.22000000,1766793599999,7008072.76031000,48506,2254014.65000000,3445445.05968000,0
2025-12-27,1.55100000,1.63400000,1.53900000,1.62300000,5350422.74000000,1766879999999,8480407.78872000,48783,2665401.65000000,4228300.43834000,0
2025-12-28,1.62400000,1.67400000,1.59500000,1.65300000,5856141.92000000,1766966399999,9604468.99668000,63146,2893597.66000000,4745002.85648000,0
2025-12-29,1.65200000,1.69300000,1.56300000,1.57100000,9346829.12000000,1767052799999,15345646.43415000,97307,4709237.16000000,7733884.54095000,0
2025-12-30,1.57000000,1.65300000,1.55200000,1.62500000,7230611.00000000,1767139199999,11556271.33586000,64210,3974216.66000000,6347859.24194000,0
2025-12-31,1.62400000,1.66600000,1.59800000,1.65900000,5809245.05000000,1767225599999,9490558.95291000,58685,2963173.68000000,4843796.22719000,0
2026-01-01,1.65900000,1.70500000,1.65400000,1.69400000,3972114.33000000,1767311999999,6669594.64474000,45073,1988381.68000000,3341002.53709000,0
2026-01-02,1.69400000,1.92000000,1.66600000,1.80200000,12727953.35000000,1767398399999,22960006.14730000,159716,6818684.34000000,12294541.88309000,0
2026-01-03,1.80200000,1.88800000,1.77800000,1.85000000,6205696.16000000,1767484799999,11284754.52050000,78978,3238296.11000000,5889405.79222000,0
2026-01-04,1.84900000,1.89900000,1.83700000,1.86700000,5098547.08000000,1767571199999,9495788.94393000,69746,2425575.70000000,4519309.61390000,0
2026-01-05,1.86600000,1.93100000,1.83300000,1.89500000,6052087.21000000,1767657599999,11391315.27437000,97016,3107385.10000000,5855162.49860000,0
2026-01-06,1.89500000,1.95000000,1.85200000,1.89800000,6426740.72000000,1767743999999,12226826.01892000,99498,3155410.35000000,6008258.89113000,0
2026-01-07,1.89900000,1.91500000,1.84600000,1.87200000,5854302.40000000,1767830399999,10976300.43131000,74888,2550781.67000000,4784850.78598000,0
2026-01-08,1.87100000,1.90100000,1.81800000,1.86100000,5979651.67000000,1767916799999,11104330.74245000,79801,2544922.19000000,4730195.88412000,0
2026-01-09,1.86200000,1.86600000,1.72700000,1.74500000,9004342.68000000,1768003199999,16081352.16774000,95801,4011023.54000000,7150596.67608000,0
2026-01-10,1.74500000,1.79200000,1.71800000,1.74000000,3646091.98000000,1768089599999,6393586.59343000,45735,1593665.84000000,2798061.54301000,0
2026-01-11,1.74000000,1.77500000,1.72800000,1.75000000,3246857.04000000,1768175999999,5681150.62340000,49790,1495848.65000000,2619645.63972000,0
2026-01-12,1.75000000,1.77800000,1.70500000,1.72900000,3411051.06000000,1768262399999,5936921.07412000,55943,1466439.19000000,2553066.41468000,0
2026-01-13,1.72900000,1.81800000,1.71900000,1.80000000,5360817.10000000,1768348799999,9405970.09213000,71825,2485938.54000000,4364279.52962000,0
2026-01-14,1.80000000,1.81000000,1.73200000,1.76100000,4966649.89000000,1768435199999,8809996.96449000,59736,2406764.86000000,4271773.33051000,0
2026-01-15,1.76200000,1.80600000,1.67100000,1.68900000,6035323.54000000,1768521599999,10570113.79767000,73921,2782935.71000000,4883917.30798000,0
2026-01-16,1.68900000,1.74800000,1.66700000,1.72100000,6145070.48000000,1768607999999,10499913.53838000,65028,2437466.69000000,4155456.46920000,0
2026-01-17,1.72100000,1.74500000,1.69800000,1.73700000,2960579.16000000,1768694399999,5090036.87810000,32229,1564799.45000000,2690094.91344000,0
2026-01-18,1.73700000,1.74600000,1.66200000,1.66600000,3159990.17000000,1768780799999,5420681.69115000,44728,1550475.87000000,2661033.77461000,0
